{"correlation_matrix": {"feature_1": {"feature_1": 1.0, "feature_2": 0.035120346854752287, "feature_3": 0.008855976896726715, "feature_4": -0.017754747079964925, "feature_5": 0.014043232941503055, "feature_6": -0.041956508972377175, "feature_7": 0.008319136871102853, "feature_8": 0.008960874202281135, "id": 0.0029770994670418947, "target": 0.031635185490209494}, "feature_2": {"feature_1": 0.035120346854752287, "feature_2": 1.0, "feature_3": 0.018717706264596196, "feature_4": -0.01150754310941015, "feature_5": -0.003477121922837654, "feature_6": 0.02425144081526914, "feature_7": -0.0389209864935549, "feature_8": -0.00727955149698281, "id": 0.02254455758154099, "target": -0.006530861078414554}, "feature_3": {"feature_1": 0.008855976896726715, "feature_2": 0.018717706264596196, "feature_3": 1.0, "feature_4": 0.022717377393759574, "feature_5": 0.00882455570820337, "feature_6": -0.0019532305776113726, "feature_7": -0.007810889450290047, "feature_8": -0.02628662915230948, "id": 0.020974220368221205, "target": 0.036129802840506216}, "feature_4": {"feature_1": -0.017754747079964925, "feature_2": -0.01150754310941015, "feature_3": 0.022717377393759574, "feature_4": 1.0, "feature_5": -0.014409648593408446, "feature_6": -0.04418791351237183, "feature_7": -0.04439715895125752, "feature_8": 0.0034642724026416084, "id": -0.005803886829089272, "target": -0.02140711654064045}, "feature_5": {"feature_1": 0.014043232941503055, "feature_2": -0.003477121922837654, "feature_3": 0.00882455570820337, "feature_4": -0.014409648593408446, "feature_5": 1.0, "feature_6": 0.0032978715188037963, "feature_7": 0.025704023676882626, "feature_8": -0.05442519929452402, "id": 0.026676450664216356, "target": 0.037675229308202156}, "feature_6": {"feature_1": -0.041956508972377175, "feature_2": 0.02425144081526914, "feature_3": -0.0019532305776113726, "feature_4": -0.04418791351237183, "feature_5": 0.0032978715188037963, "feature_6": 1.0, "feature_7": 0.008834617886121658, "feature_8": 0.017074075537715953, "id": 0.002629763363163096, "target": 0.00637312350867814}, "feature_7": {"feature_1": 0.008319136871102853, "feature_2": -0.0389209864935549, "feature_3": -0.007810889450290047, "feature_4": -0.04439715895125752, "feature_5": 0.025704023676882626, "feature_6": 0.008834617886121658, "feature_7": 1.0, "feature_8": -0.03182471031495226, "id": 0.018978007047175942, "target": 0.026474234769537502}, "feature_8": {"feature_1": 0.008960874202281135, "feature_2": -0.00727955149698281, "feature_3": -0.02628662915230948, "feature_4": 0.0034642724026416084, "feature_5": -0.05442519929452402, "feature_6": 0.017074075537715953, "feature_7": -0.03182471031495226, "feature_8": 1.0, "id": -0.0030030616064446805, "target": 0.0004570668698507876}, "id": {"feature_1": 0.0029770994670418947, "feature_2": 0.02254455758154099, "feature_3": 0.020974220368221205, "feature_4": -0.005803886829089272, "feature_5": 0.026676450664216356, "feature_6": 0.002629763363163096, "feature_7": 0.018978007047175942, "feature_8": -0.0030030616064446805, "id": 1.0, "target": -0.03070728270897007}, "target": {"feature_1": 0.031635185490209494, "feature_2": -0.006530861078414554, "feature_3": 0.036129802840506216, "feature_4": -0.02140711654064045, "feature_5": 0.037675229308202156, "feature_6": 0.00637312350867814, "feature_7": 0.026474234769537502, "feature_8": 0.0004570668698507876, "id": -0.03070728270897007, "target": 1.0}}, "features": ["feature_1", "feature_2", "feature_3", "feature_4", "feature_5", "feature_6", "feature_7", "feature_8"]}