{"\u0421\u0442\u0430\u0442\u0438\u0441\u0442\u0438\u0447\u0435\u0441\u043a\u0438\u0435 \u0445\u0430\u0440\u0430\u043a\u0442\u0435\u0440\u0438\u0441\u0442\u0438\u043a\u0438": [["count", "907"], ["mean", "53.97198656244078"], ["stddev", "19.434352870887004"], ["min", "19.28857"], ["max", "87.08522"]], "\u041a\u043e\u044d\u0444\u0444\u0438\u0446\u0438\u0435\u043d\u0442\u044b \u0430\u0441\u0438\u043c\u043c\u0435\u0442\u0440\u0438\u0438 \u0438 \u044d\u043a\u0441\u0446\u0435\u0441\u0441\u0430": {"\u0410\u0441\u0438\u043c\u043c\u0435\u0442\u0440\u0438\u044f": -0.018856675478919435, "\u042d\u043a\u0441\u0446\u0435\u0441\u0441": -1.1883148646274542}}